Date,Severe
5/1/05,0
5/2/05,0
5/3/05,0
5/4/05,0
5/5/05,0
5/6/05,0
5/7/05,0
5/8/05,0
5/9/05,0
5/10/05,0
5/11/05,0
5/12/05,0
5/13/05,0
5/14/05,0
5/15/05,0
5/16/05,0
5/17/05,0
5/18/05,0
5/19/05,0
5/20/05,0
5/21/05,0
5/22/05,0
5/23/05,0
5/24/05,0
5/25/05,0
5/26/05,0
5/27/05,0
5/28/05,0
5/29/05,0
5/30/05,0
5/31/05,0
6/1/05,0
6/2/05,0
6/3/05,0
6/4/05,0
6/5/05,0
6/6/05,0
6/7/05,0
6/8/05,0
6/9/05,0
6/10/05,0
6/11/05,0
6/12/05,0
6/13/05,0
6/14/05,0
6/15/05,0
6/16/05,1
6/17/05,1
6/18/05,0
6/19/05,1
6/20/05,0
6/21/05,0
6/22/05,1
6/23/05,0
6/24/05,0
6/25/05,0
6/26/05,0
6/27/05,0
6/28/05,0
6/29/05,0
6/30/05,0
7/1/05,0
7/2/05,0
7/3/05,0
7/4/05,0
7/5/05,0
7/6/05,0
7/7/05,0
7/8/05,0
7/9/05,0
7/10/05,0
7/11/05,0
7/12/05,1
7/13/05,0
7/14/05,0
7/15/05,0
7/16/05,0
7/17/05,0
7/18/05,0
7/19/05,0
7/20/05,0
7/21/05,0
7/22/05,0
7/23/05,0
7/24/05,0
7/25/05,0
7/26/05,0
7/27/05,0
7/28/05,0
7/29/05,0
7/30/05,0
7/31/05,0
8/1/05,0
8/2/05,0
8/3/05,0
8/4/05,0
8/5/05,0
8/6/05,0
8/7/05,0
8/8/05,0
8/9/05,0
8/10/05,0
8/11/05,0
8/12/05,0
8/13/05,0
8/14/05,1
8/15/05,0
8/16/05,0
8/17/05,0
8/18/05,0
8/19/05,0
8/20/05,0
8/21/05,0
8/22/05,0
8/23/05,0
8/24/05,0
8/25/05,0
8/26/05,0
8/27/05,0
8/28/05,0
8/29/05,0
8/30/05,0
8/31/05,1
9/1/05,1
9/2/05,0
9/3/05,0
9/4/05,0
9/5/05,0
9/6/05,0
9/7/05,0
9/8/05,1
9/9/05,0
9/10/05,0
9/11/05,0
9/12/05,0
9/13/05,0
9/14/05,0
9/15/05,0
9/16/05,0
9/17/05,0
9/18/05,0
9/19/05,0
9/20/05,0
9/21/05,1
9/22/05,0
9/23/05,0
9/24/05,0
9/25/05,0
9/26/05,0
9/27/05,0
9/28/05,0
9/29/05,0
9/30/05,0
5/1/06,0
5/2/06,0
5/3/06,0
5/4/06,0
5/5/06,0
5/6/06,0
5/7/06,0
5/8/06,0
5/9/06,0
5/10/06,0
5/11/06,0
5/12/06,0
5/13/06,0
5/14/06,0
5/15/06,0
5/16/06,0
5/17/06,0
5/18/06,0
5/19/06,0
5/20/06,0
5/21/06,0
5/22/06,0
5/23/06,0
5/24/06,0
5/25/06,0
5/26/06,0
5/27/06,0
5/28/06,0
5/29/06,0
5/30/06,0
5/31/06,0
6/1/06,0
6/2/06,0
6/3/06,0
6/4/06,0
6/5/06,0
6/6/06,0
6/7/06,0
6/8/06,0
6/9/06,0
6/10/06,0
6/11/06,1
6/12/06,0
6/13/06,1
6/14/06,1
6/15/06,0
6/16/06,0
6/17/06,0
6/18/06,0
6/19/06,0
6/20/06,0
6/21/06,0
6/22/06,0
6/23/06,0
6/24/06,0
6/25/06,0
6/26/06,0
6/27/06,0
6/28/06,1
6/29/06,0
6/30/06,0
7/1/06,0
7/2/06,1
7/3/06,0
7/4/06,0
7/5/06,0
7/6/06,0
7/7/06,1
7/8/06,0
7/9/06,0
7/10/06,0
7/11/06,1
7/12/06,0
7/13/06,0
7/14/06,0
7/15/06,0
7/16/06,0
7/17/06,0
7/18/06,0
7/19/06,0
7/20/06,0
7/21/06,0
7/22/06,0
7/23/06,0
7/24/06,1
7/25/06,0
7/26/06,0
7/27/06,0
7/28/06,0
7/29/06,0
7/30/06,1
7/31/06,1
8/1/06,0
8/2/06,0
8/3/06,0
8/4/06,0
8/5/06,0
8/6/06,0
8/7/06,0
8/8/06,0
8/9/06,0
8/10/06,0
8/11/06,0
8/12/06,0
8/13/06,0
8/14/06,0
8/15/06,0
8/16/06,0
8/17/06,0
8/18/06,0
8/19/06,0
8/20/06,0
8/21/06,0
8/22/06,0
8/23/06,0
8/24/06,0
8/25/06,0
8/26/06,1
8/27/06,0
8/28/06,0
8/29/06,0
8/30/06,1
8/31/06,0
9/1/06,1
9/2/06,0
9/3/06,0
9/4/06,0
9/5/06,0
9/6/06,0
9/7/06,0
9/8/06,0
9/9/06,0
9/10/06,0
9/11/06,0
9/12/06,0
9/13/06,0
9/14/06,0
9/15/06,0
9/16/06,0
9/17/06,0
9/18/06,0
9/19/06,0
9/20/06,0
9/21/06,0
9/22/06,0
9/23/06,0
9/24/06,0
9/25/06,0
9/26/06,0
9/27/06,0
9/28/06,0
9/29/06,0
9/30/06,0
5/1/07,0
5/2/07,0
5/3/07,0
5/4/07,0
5/5/07,0
5/6/07,1
5/7/07,0
5/8/07,0
5/9/07,0
5/10/07,0
5/11/07,0
5/12/07,0
5/13/07,0
5/14/07,0
5/15/07,0
5/16/07,0
5/17/07,0
5/18/07,0
5/19/07,0
5/20/07,0
5/21/07,0
5/22/07,0
5/23/07,0
5/24/07,0
5/25/07,0
5/26/07,0
5/27/07,0
5/28/07,0
5/29/07,0
5/30/07,0
5/31/07,0
6/1/07,0
6/2/07,0
6/3/07,0
6/4/07,0
6/5/07,0
6/6/07,1
6/7/07,0
6/8/07,0
6/9/07,0
6/10/07,1
6/11/07,1
6/12/07,1
6/13/07,1
6/14/07,0
6/15/07,0
6/16/07,0
6/17/07,0
6/18/07,0
6/19/07,0
6/20/07,0
6/21/07,0
6/22/07,0
6/23/07,0
6/24/07,0
6/25/07,0
6/26/07,0
6/27/07,0
6/28/07,0
6/29/07,0
6/30/07,0
7/1/07,0
7/2/07,0
7/3/07,0
7/4/07,0
7/5/07,0
7/6/07,0
7/7/07,0
7/8/07,0
7/9/07,0
7/10/07,0
7/11/07,0
7/12/07,1
7/13/07,1
7/14/07,1
7/15/07,1
7/16/07,0
7/17/07,0
7/18/07,1
7/19/07,1
7/20/07,1
7/21/07,1
7/22/07,0
7/23/07,0
7/24/07,1
7/25/07,0
7/26/07,0
7/27/07,0
7/28/07,0
7/29/07,0
7/30/07,0
7/31/07,0
8/1/07,0
8/2/07,0
8/3/07,0
8/4/07,0
8/5/07,0
8/6/07,0
8/7/07,0
8/8/07,0
8/9/07,0
8/10/07,0
8/11/07,0
8/12/07,0
8/13/07,0
8/14/07,0
8/15/07,0
8/16/07,0
8/17/07,0
8/18/07,0
8/19/07,0
8/20/07,0
8/21/07,0
8/22/07,0
8/23/07,0
8/24/07,0
8/25/07,0
8/26/07,0
8/27/07,0
8/28/07,0
8/29/07,0
8/30/07,0
8/31/07,0
9/1/07,0
9/2/07,0
9/3/07,0
9/4/07,0
9/5/07,0
9/6/07,0
9/7/07,0
9/8/07,0
9/9/07,0
9/10/07,0
9/11/07,0
9/12/07,0
9/13/07,0
9/14/07,0
9/15/07,0
9/16/07,0
9/17/07,0
9/18/07,0
9/19/07,0
9/20/07,0
9/21/07,1
9/22/07,0
9/23/07,0
9/24/07,0
9/25/07,0
9/26/07,0
9/27/07,0
9/28/07,0
9/29/07,1
9/30/07,0
5/1/08,0
5/2/08,0
5/3/08,0
5/4/08,0
5/5/08,0
5/6/08,0
5/7/08,0
5/8/08,0
5/9/08,0
5/10/08,0
5/11/08,0
5/12/08,0
5/13/08,0
5/14/08,0
5/15/08,0
5/16/08,0
5/17/08,0
5/18/08,0
5/19/08,0
5/20/08,0
5/21/08,0
5/22/08,0
5/23/08,1
5/24/08,0
5/25/08,0
5/26/08,0
5/27/08,0
5/28/08,0
5/29/08,0
5/30/08,0
5/31/08,0
6/1/08,1
6/2/08,1
6/3/08,0
6/4/08,0
6/5/08,0
6/6/08,0
6/7/08,0
6/8/08,0
6/9/08,0
6/10/08,0
6/11/08,0
6/12/08,0
6/13/08,0
6/14/08,0
6/15/08,0
6/16/08,0
6/17/08,0
6/18/08,0
6/19/08,0
6/20/08,0
6/21/08,1
6/22/08,0
6/23/08,1
6/24/08,1
6/25/08,0
6/26/08,0
6/27/08,0
6/28/08,1
6/29/08,0
6/30/08,1
7/1/08,1
7/2/08,0
7/3/08,0
7/4/08,0
7/5/08,0
7/6/08,0
7/7/08,0
7/8/08,0
7/9/08,0
7/10/08,0
7/11/08,0
7/12/08,0
7/13/08,0
7/14/08,0
7/15/08,0
7/16/08,0
7/17/08,0
7/18/08,0
7/19/08,1
7/20/08,0
7/21/08,1
7/22/08,1
7/23/08,1
7/24/08,0
7/25/08,0
7/26/08,0
7/27/08,0
7/28/08,0
7/29/08,0
7/30/08,0
7/31/08,0
8/1/08,0
8/2/08,0
8/3/08,0
8/4/08,0
8/5/08,0
8/6/08,0
8/7/08,1
8/8/08,1
8/9/08,0
8/10/08,0
8/11/08,0
8/12/08,0
8/13/08,0
8/14/08,0
8/15/08,0
8/16/08,1
8/17/08,0
8/18/08,0
8/19/08,1
8/20/08,1
8/21/08,1
8/22/08,0
8/23/08,0
8/24/08,0
8/25/08,0
8/26/08,0
8/27/08,0
8/28/08,0
8/29/08,0
8/30/08,0
8/31/08,0
9/1/08,0
9/2/08,0
9/3/08,0
9/4/08,0
9/5/08,0
9/6/08,0
9/7/08,0
9/8/08,0
9/9/08,0
9/10/08,1
9/11/08,0
9/12/08,0
9/13/08,0
9/14/08,0
9/15/08,0
9/16/08,0
9/17/08,0
9/18/08,0
9/19/08,0
9/20/08,0
9/21/08,0
9/22/08,0
9/23/08,0
9/24/08,0
9/25/08,0
9/26/08,0
9/27/08,0
9/28/08,0
9/29/08,0
9/30/08,1
5/1/09,0
5/2/09,0
5/3/09,0
5/4/09,0
5/5/09,0
5/6/09,0
5/7/09,0
5/8/09,0
5/9/09,0
5/10/09,0
5/11/09,0
5/12/09,0
5/13/09,0
5/14/09,0
5/15/09,0
5/16/09,0
5/17/09,0
5/18/09,1
5/19/09,0
5/20/09,0
5/21/09,0
5/22/09,0
5/23/09,0
5/24/09,0
5/25/09,0
5/26/09,1
5/27/09,1
5/28/09,0
5/29/09,0
5/30/09,0
5/31/09,0
6/1/09,0
6/2/09,0
6/3/09,0
6/4/09,1
6/5/09,1
6/6/09,1
6/7/09,1
6/8/09,0
6/9/09,0
6/10/09,0
6/11/09,0
6/12/09,0
6/13/09,1
6/14/09,0
6/15/09,0
6/16/09,1
6/17/09,0
6/18/09,0
6/19/09,0
6/20/09,0
6/21/09,0
6/22/09,1
6/23/09,1
6/24/09,0
6/25/09,1
6/26/09,0
6/27/09,1
6/28/09,0
6/29/09,1
6/30/09,0
7/1/09,0
7/2/09,0
7/3/09,1
7/4/09,0
7/5/09,1
7/6/09,0
7/7/09,1
7/8/09,1
7/9/09,1
7/10/09,1
7/11/09,0
7/12/09,0
7/13/09,1
7/14/09,0
7/15/09,0
7/16/09,0
7/17/09,1
7/18/09,1
7/19/09,1
7/20/09,0
7/21/09,0
7/22/09,0
7/23/09,0
7/24/09,0
7/25/09,0
7/26/09,0
7/27/09,0
7/28/09,0
7/29/09,0
7/30/09,0
7/31/09,0
8/1/09,0
8/2/09,0
8/3/09,1
8/4/09,0
8/5/09,1
8/6/09,0
8/7/09,0
8/8/09,0
8/9/09,0
8/10/09,0
8/11/09,0
8/12/09,0
8/13/09,1
8/14/09,0
8/15/09,1
8/16/09,0
8/17/09,0
8/18/09,0
8/19/09,0
8/20/09,0
8/21/09,0
8/22/09,0
8/23/09,1
8/24/09,0
8/25/09,0
8/26/09,0
8/27/09,0
8/28/09,0
8/29/09,0
8/30/09,0
8/31/09,0
9/1/09,0
9/2/09,0
9/3/09,1
9/4/09,1
9/5/09,0
9/6/09,0
9/7/09,0
9/8/09,0
9/9/09,0
9/10/09,1
9/11/09,0
9/12/09,0
9/13/09,0
9/14/09,0
9/15/09,0
9/16/09,0
9/17/09,0
9/18/09,0
9/19/09,0
9/20/09,0
9/21/09,0
9/22/09,0
9/23/09,0
9/24/09,0
9/25/09,0
9/26/09,1
9/27/09,0
9/28/09,0
9/29/09,0
9/30/09,0
5/1/10,0
5/2/10,0
5/3/10,0
5/4/10,0
5/5/10,0
5/6/10,1
5/7/10,0
5/8/10,0
5/9/10,0
5/10/10,0
5/11/10,0
5/12/10,0
5/13/10,0
5/14/10,0
5/15/10,0
5/16/10,0
5/17/10,1
5/18/10,0
5/19/10,0
5/20/10,0
5/21/10,0
5/22/10,0
5/23/10,0
5/24/10,0
5/25/10,0
5/26/10,0
5/27/10,0
5/28/10,0
5/29/10,1
5/30/10,0
5/31/10,1
6/1/10,1
6/2/10,0
6/3/10,1
6/4/10,0
6/5/10,1
6/6/10,1
6/7/10,0
6/8/10,0
6/9/10,0
6/10/10,0
6/11/10,0
6/12/10,0
6/13/10,1
6/14/10,0
6/15/10,0
6/16/10,0
6/17/10,1
6/18/10,0
6/19/10,1
6/20/10,0
6/21/10,0
6/22/10,0
6/23/10,0
6/24/10,0
6/25/10,0
6/26/10,0
6/27/10,0
6/28/10,0
6/29/10,0
6/30/10,0
7/1/10,0
7/2/10,0
7/3/10,0
7/4/10,0
7/5/10,0
7/6/10,0
7/7/10,0
7/8/10,0
7/9/10,0
7/10/10,0
7/11/10,1
7/12/10,0
7/13/10,0
7/14/10,0
7/15/10,1
7/16/10,0
7/17/10,0
7/18/10,0
7/19/10,0
7/20/10,0
7/21/10,0
7/22/10,0
7/23/10,1
7/24/10,0
7/25/10,0
7/26/10,0
7/27/10,0
7/28/10,0
7/29/10,1
7/30/10,0
7/31/10,0
8/1/10,1
8/2/10,1
8/3/10,0
8/4/10,0
8/5/10,0
8/6/10,1
8/7/10,0
8/8/10,1
8/9/10,0
8/10/10,0
8/11/10,1
8/12/10,0
8/13/10,0
8/14/10,0
8/15/10,0
8/16/10,0
8/17/10,0
8/18/10,0
8/19/10,0
8/20/10,0
8/21/10,0
8/22/10,0
8/23/10,0
8/24/10,0
8/25/10,0
8/26/10,0
8/27/10,0
8/28/10,1
8/29/10,0
8/30/10,0
8/31/10,0
9/1/10,0
9/2/10,0
9/3/10,0
9/4/10,0
9/5/10,1
9/6/10,0
9/7/10,0
9/8/10,0
9/9/10,0
9/10/10,0
9/11/10,0
9/12/10,0
9/13/10,0
9/14/10,0
9/15/10,0
9/16/10,0
9/17/10,0
9/18/10,0
9/19/10,0
9/20/10,0
9/21/10,0
9/22/10,0
9/23/10,0
9/24/10,0
9/25/10,0
9/26/10,0
9/27/10,0
9/28/10,1
9/29/10,0
9/30/10,0
5/1/11,0
5/2/11,0
5/3/11,0
5/4/11,0
5/5/11,0
5/6/11,0
5/7/11,0
5/8/11,0
5/9/11,0
5/10/11,0
5/11/11,1
5/12/11,0
5/13/11,1
5/14/11,1
5/15/11,1
5/16/11,0
5/17/11,0
5/18/11,0
5/19/11,0
5/20/11,0
5/21/11,0
5/22/11,0
5/23/11,0
5/24/11,0
5/25/11,0
5/26/11,0
5/27/11,0
5/28/11,0
5/29/11,1
5/30/11,1
5/31/11,1
6/1/11,1
6/2/11,0
6/3/11,0
6/4/11,0
6/5/11,0
6/6/11,0
6/7/11,0
6/8/11,0
6/9/11,1
6/10/11,0
6/11/11,0
6/12/11,0
6/13/11,0
6/14/11,1
6/15/11,1
6/16/11,0
6/17/11,0
6/18/11,1
6/19/11,0
6/20/11,0
6/21/11,0
6/22/11,0
6/23/11,0
6/24/11,1
6/25/11,0
6/26/11,0
6/27/11,0
6/28/11,0
6/29/11,0
6/30/11,0
7/1/11,0
7/2/11,0
7/3/11,0
7/4/11,0
7/5/11,0
7/6/11,0
7/7/11,0
7/8/11,0
7/9/11,0
7/10/11,0
7/11/11,0
7/12/11,1
7/13/11,0
7/14/11,0
7/15/11,1
7/16/11,0
7/17/11,0
7/18/11,0
7/19/11,0
7/20/11,0
7/21/11,0
7/22/11,1
7/23/11,0
7/24/11,0
7/25/11,0
7/26/11,1
7/27/11,0
7/28/11,0
7/29/11,0
7/30/11,0
7/31/11,0
8/1/11,1
8/2/11,0
8/3/11,0
8/4/11,0
8/5/11,0
8/6/11,0
8/7/11,1
8/8/11,1
8/9/11,1
8/10/11,0
8/11/11,0
8/12/11,0
8/13/11,0
8/14/11,1
8/15/11,0
8/16/11,0
8/17/11,0
8/18/11,0
8/19/11,0
8/20/11,0
8/21/11,0
8/22/11,0
8/23/11,1
8/24/11,0
8/25/11,0
8/26/11,0
8/27/11,1
8/28/11,1
8/29/11,1
8/30/11,0
8/31/11,0
9/1/11,0
9/2/11,0
9/3/11,0
9/4/11,0
9/5/11,1
9/6/11,1
9/7/11,0
9/8/11,0
9/9/11,1
9/10/11,0
9/11/11,0
9/12/11,0
9/13/11,0
9/14/11,0
9/15/11,0
9/16/11,0
9/17/11,0
9/18/11,0
9/19/11,0
9/20/11,0
9/21/11,0
9/22/11,0
9/23/11,0
9/24/11,0
9/25/11,0
9/26/11,0
9/27/11,0
9/28/11,0
9/29/11,1
9/30/11,1
5/1/12,0
5/2/12,0
5/3/12,0
5/4/12,0
5/5/12,0
5/6/12,0
5/7/12,0
5/8/12,0
5/9/12,1
5/10/12,0
5/11/12,0
5/12/12,0
5/13/12,0
5/14/12,0
5/15/12,1
5/16/12,0
5/17/12,1
5/18/12,0
5/19/12,0
5/20/12,0
5/21/12,0
5/22/12,0
5/23/12,0
5/24/12,0
5/25/12,0
5/26/12,0
5/27/12,1
5/28/12,1
5/29/12,0
5/30/12,0
5/31/12,1
6/1/12,0
6/2/12,0
6/3/12,0
6/4/12,0
6/5/12,1
6/6/12,1
6/7/12,1
6/8/12,1
6/9/12,1
6/10/12,0
6/11/12,0
6/12/12,0
6/13/12,1
6/14/12,1
6/15/12,0
6/16/12,0
6/17/12,0
6/18/12,0
6/19/12,0
6/20/12,0
6/21/12,0
6/22/12,0
6/23/12,0
6/24/12,1
6/25/12,1
6/26/12,1
6/27/12,0
6/28/12,0
6/29/12,0
6/30/12,0
7/1/12,0
7/2/12,0
7/3/12,0
7/4/12,1
7/5/12,0
7/6/12,0
7/7/12,0
7/8/12,0
7/9/12,0
7/10/12,0
7/11/12,0
7/12/12,0
7/13/12,0
7/14/12,0
7/15/12,1
7/16/12,0
7/17/12,0
7/18/12,1
7/19/12,1
7/20/12,0
7/21/12,0
7/22/12,1
7/23/12,1
7/24/12,1
7/25/12,0
7/26/12,0
7/27/12,0
7/28/12,1
7/29/12,0
7/30/12,1
7/31/12,1
8/1/12,0
8/2/12,0
8/3/12,0
8/4/12,0
8/5/12,0
8/6/12,0
8/7/12,0
8/8/12,1
8/9/12,0
8/10/12,0
8/11/12,0
8/12/12,1
8/13/12,0
8/14/12,1
8/15/12,0
8/16/12,1
8/17/12,1
8/18/12,1
8/19/12,1
8/20/12,1
8/21/12,1
8/22/12,1
8/23/12,0
8/24/12,0
8/25/12,0
8/26/12,0
8/27/12,1
8/28/12,1
8/29/12,0
8/30/12,0
8/31/12,0
9/1/12,0
9/2/12,0
9/3/12,0
9/4/12,0
9/5/12,0
9/6/12,0
9/7/12,1
9/8/12,0
9/9/12,0
9/10/12,0
9/11/12,0
9/12/12,0
9/13/12,0
9/14/12,0
9/15/12,0
9/16/12,1
9/17/12,0
9/18/12,1
9/19/12,0
9/20/12,0
9/21/12,1
9/22/12,0
9/23/12,0
9/24/12,0
9/25/12,0
9/26/12,0
9/27/12,0
9/28/12,0
9/29/12,0
9/30/12,0
5/1/13,0
5/2/13,0
5/3/13,1
5/4/13,0
5/5/13,0
5/6/13,0
5/7/13,0
5/8/13,0
5/9/13,0
5/10/13,0
5/11/13,1
5/12/13,0
5/13/13,0
5/14/13,0
5/15/13,0
5/16/13,0
5/17/13,0
5/18/13,0
5/19/13,0
5/20/13,0
5/21/13,0
5/22/13,0
5/23/13,1
5/24/13,0
5/25/13,0
5/26/13,0
5/27/13,0
5/28/13,0
5/29/13,0
5/30/13,0
5/31/13,0
6/1/13,0
6/2/13,0
6/3/13,1
6/4/13,0
6/5/13,0
6/6/13,0
6/7/13,0
6/8/13,1
6/9/13,0
6/10/13,0
6/11/13,0
6/12/13,0
6/13/13,0
6/14/13,0
6/15/13,0
6/16/13,0
6/17/13,0
6/18/13,1
6/19/13,1
6/20/13,1
6/21/13,1
6/22/13,0
6/23/13,0
6/24/13,0
6/25/13,1
6/26/13,0
6/27/13,0
6/28/13,1
6/29/13,1
6/30/13,1
7/1/13,1
7/2/13,0
7/3/13,0
7/4/13,0
7/5/13,0
7/6/13,0
7/7/13,0
7/8/13,0
7/9/13,0
7/10/13,0
7/11/13,1
7/12/13,0
7/13/13,0
7/14/13,0
7/15/13,0
7/16/13,0
7/17/13,0
7/18/13,0
7/19/13,0
7/20/13,0
7/21/13,1
7/22/13,1
7/23/13,1
7/24/13,1
7/25/13,1
7/26/13,0
7/27/13,0
7/28/13,0
7/29/13,0
7/30/13,0
7/31/13,0
8/1/13,0
8/2/13,0
8/3/13,1
8/4/13,1
8/5/13,0
8/6/13,0
8/7/13,0
8/8/13,0
8/9/13,0
8/10/13,0
8/11/13,0
8/12/13,0
8/13/13,0
8/14/13,0
8/15/13,0
8/16/13,1
8/17/13,0
8/18/13,0
8/19/13,0
8/20/13,0
8/21/13,1
8/22/13,0
8/23/13,0
8/24/13,0
8/25/13,0
8/26/13,0
8/27/13,0
8/28/13,0
8/29/13,0
8/30/13,1
8/31/13,1
9/1/13,1
9/2/13,1
9/3/13,0
9/4/13,0
9/5/13,0
9/6/13,1
9/7/13,0
9/8/13,0
9/9/13,0
9/10/13,0
9/11/13,1
9/12/13,0
9/13/13,0
9/14/13,0
9/15/13,0
9/16/13,0
9/17/13,0
9/18/13,0
9/19/13,0
9/20/13,0
9/21/13,0
9/22/13,0
9/23/13,0
9/24/13,0
9/25/13,0
9/26/13,0
9/27/13,0
9/28/13,0
9/29/13,0
9/30/13,0
5/1/14,1
5/2/14,0
5/3/14,0
5/4/14,0
5/5/14,0
5/6/14,0
5/7/14,0
5/8/14,0
5/9/14,0
5/10/14,0
5/11/14,0
5/12/14,0
5/13/14,0
5/14/14,0
5/15/14,1
5/16/14,0
5/17/14,0
5/18/14,0
5/19/14,0
5/20/14,0
5/21/14,0
5/22/14,0
5/23/14,0
5/24/14,0
5/25/14,0
5/26/14,0
5/27/14,0
5/28/14,0
5/29/14,0
5/30/14,0
5/31/14,0
6/1/14,0
6/2/14,0
6/3/14,0
6/4/14,0
6/5/14,0
6/6/14,0
6/7/14,1
6/8/14,0
6/9/14,0
6/10/14,0
6/11/14,1
6/12/14,1
6/13/14,1
6/14/14,1
6/15/14,0
6/16/14,0
6/17/14,0
6/18/14,0
6/19/14,0
6/20/14,0
6/21/14,1
6/22/14,1
6/23/14,1
6/24/14,0
6/25/14,0
6/26/14,0
6/27/14,0
6/28/14,0
6/29/14,1
6/30/14,0
7/1/14,0
7/2/14,0
7/3/14,1
7/4/14,0
7/5/14,1
7/6/14,1
7/7/14,0
7/8/14,0
7/9/14,1
7/10/14,1
7/11/14,1
7/12/14,0
7/13/14,0
7/14/14,1
7/15/14,0
7/16/14,1
7/17/14,0
7/18/14,0
7/19/14,1
7/20/14,1
7/21/14,0
7/22/14,0
7/23/14,0
7/24/14,1
7/25/14,1
7/26/14,1
7/27/14,0
7/28/14,0
7/29/14,1
7/30/14,0
7/31/14,0
8/1/14,0
8/2/14,0
8/3/14,0
8/4/14,0
8/5/14,0
8/6/14,0
8/7/14,0
8/8/14,1
8/9/14,1
8/10/14,1
8/11/14,1
8/12/14,0
8/13/14,1
8/14/14,1
8/15/14,1
8/16/14,1
8/17/14,0
8/18/14,0
8/19/14,0
8/20/14,0
8/21/14,0
8/22/14,0
8/23/14,0
8/24/14,0
8/25/14,0
8/26/14,0
8/27/14,0
8/28/14,0
8/29/14,1
8/30/14,0
8/31/14,0
9/1/14,0
9/2/14,0
9/3/14,0
9/4/14,0
9/5/14,1
9/6/14,1
9/7/14,1
9/8/14,0
9/9/14,0
9/10/14,0
9/11/14,0
9/12/14,0
9/13/14,0
9/14/14,0
9/15/14,0
9/16/14,0
9/17/14,1
9/18/14,0
9/19/14,0
9/20/14,0
9/21/14,0
9/22/14,1
9/23/14,1
9/24/14,0
9/25/14,0
9/26/14,0
9/27/14,0
9/28/14,0
9/29/14,0
9/30/14,1
5/1/15,0
5/2/15,0
5/3/15,0
5/4/15,0
5/5/15,1
5/6/15,0
5/7/15,0
5/8/15,0
5/9/15,0
5/10/15,0
5/11/15,0
5/12/15,0
5/13/15,0
5/14/15,0
5/15/15,0
5/16/15,1
5/17/15,0
5/18/15,0
5/19/15,0
5/20/15,1
5/21/15,1
5/22/15,0
5/23/15,0
5/24/15,0
5/25/15,1
5/26/15,0
5/27/15,0
5/28/15,0
5/29/15,0
5/30/15,0
5/31/15,0
6/1/15,0
6/2/15,1
6/3/15,0
6/4/15,0
6/5/15,0
6/6/15,0
6/7/15,1
6/8/15,1
6/9/15,0
6/10/15,1
6/11/15,0
6/12/15,0
6/13/15,0
6/14/15,0
6/15/15,0
6/16/15,0
6/17/15,0
6/18/15,0
6/19/15,1
6/20/15,0
6/21/15,0
6/22/15,0
6/23/15,0
6/24/15,0
6/25/15,1
6/26/15,1
6/27/15,0
6/28/15,0
6/29/15,1
6/30/15,0
7/1/15,1
7/2/15,1
7/3/15,0
7/4/15,0
7/5/15,1
7/6/15,1
7/7/15,0
7/8/15,0
7/9/15,0
7/10/15,0
7/11/15,0
7/12/15,0
7/13/15,0
7/14/15,1
7/15/15,1
7/16/15,0
7/17/15,1
7/18/15,1
7/19/15,1
7/20/15,0
7/21/15,1
7/22/15,0
7/23/15,1
7/24/15,1
7/25/15,1
7/26/15,0
7/27/15,1
7/28/15,1
7/29/15,0
7/30/15,1
7/31/15,1
8/1/15,1
8/2/15,1
8/3/15,0
8/4/15,0
8/5/15,0
8/6/15,1
8/7/15,1
8/8/15,1
8/9/15,0
8/10/15,0
8/11/15,0
8/12/15,1
8/13/15,1
8/14/15,0
8/15/15,0
8/16/15,0
8/17/15,0
8/18/15,0
8/19/15,0
8/20/15,0
8/21/15,0
8/22/15,0
8/23/15,1
8/24/15,0
8/25/15,0
8/26/15,1
8/27/15,0
8/28/15,1
8/29/15,1
8/30/15,1
8/31/15,0
9/1/15,0
9/2/15,0
9/3/15,1
9/4/15,0
9/5/15,0
9/6/15,0
9/7/15,1
9/8/15,1
9/9/15,0
9/10/15,0
9/11/15,0
9/12/15,1
9/13/15,0
9/14/15,0
9/15/15,1
9/16/15,0
9/17/15,0
9/18/15,0
9/19/15,0
9/20/15,0
9/21/15,0
9/22/15,0
9/23/15,0
9/24/15,0
9/25/15,0
9/26/15,0
9/27/15,0
9/28/15,1
9/29/15,0
9/30/15,0
5/1/16,0
5/2/16,0
5/3/16,0
5/4/16,1
5/5/16,0
5/6/16,0
5/7/16,0
5/8/16,0
5/9/16,0
5/10/16,0
5/11/16,0
5/12/16,0
5/13/16,0
5/14/16,0
5/15/16,0
5/16/16,0
5/17/16,1
5/18/16,0
5/19/16,0
5/20/16,1
5/21/16,0
5/22/16,0
5/23/16,0
5/24/16,0
5/25/16,0
5/26/16,0
5/27/16,0
5/28/16,0
5/29/16,1
5/30/16,1
5/31/16,1
6/1/16,0
6/2/16,0
6/3/16,0
6/4/16,0
6/5/16,0
6/6/16,1
6/7/16,0
6/8/16,0
6/9/16,0
6/10/16,0
6/11/16,0
6/12/16,0
6/13/16,0
6/14/16,0
6/15/16,0
6/16/16,1
6/17/16,1
6/18/16,1
6/19/16,0
6/20/16,0
6/21/16,0
6/22/16,0
6/23/16,0
6/24/16,0
6/25/16,0
6/26/16,0
6/27/16,0
6/28/16,1
6/29/16,0
6/30/16,0
7/1/16,1
7/2/16,1
7/3/16,1
7/4/16,0
7/5/16,0
7/6/16,0
7/7/16,0
7/8/16,0
7/9/16,1
7/10/16,0
7/11/16,0
7/12/16,0
7/13/16,0
7/14/16,0
7/15/16,0
7/16/16,0
7/17/16,0
7/18/16,1
7/19/16,0
7/20/16,0
7/21/16,0
7/22/16,0
7/23/16,0
7/24/16,0
7/25/16,0
7/26/16,0
7/27/16,0
7/28/16,0
7/29/16,0
7/30/16,0
7/31/16,0
8/1/16,0
8/2/16,0
8/3/16,0
8/4/16,1
8/5/16,0
8/6/16,1
8/7/16,1
8/8/16,1
8/9/16,1
8/10/16,0
8/11/16,0
8/12/16,0
8/13/16,0
8/14/16,0
8/15/16,0
8/16/16,0
8/17/16,0
8/18/16,0
8/19/16,0
8/20/16,0
8/21/16,0
8/22/16,0
8/23/16,0
8/24/16,0
8/25/16,0
8/26/16,0
8/27/16,0
8/28/16,0
8/29/16,0
8/30/16,0
8/31/16,1
9/1/16,1
9/2/16,1
9/3/16,1
9/4/16,0
9/5/16,0
9/6/16,0
9/7/16,0
9/8/16,0
9/9/16,0
9/10/16,0
9/11/16,0
9/12/16,0
9/13/16,1
9/14/16,0
9/15/16,0
9/16/16,0
9/17/16,0
9/18/16,0
9/19/16,0
9/20/16,0
9/21/16,0
9/22/16,1
9/23/16,0
9/24/16,0
9/25/16,0
9/26/16,0
9/27/16,1
9/28/16,1
9/29/16,1
9/30/16,1
5/1/17,0
5/2/17,0
5/3/17,0
5/4/17,0
5/5/17,0
5/6/17,0
5/7/17,0
5/8/17,0
5/9/17,0
5/10/17,0
5/11/17,0
5/12/17,0
5/13/17,1
5/14/17,0
5/15/17,0
5/16/17,1
5/17/17,0
5/18/17,0
5/19/17,0
5/20/17,0
5/21/17,0
5/22/17,0
5/23/17,0
5/24/17,1
5/25/17,0
5/26/17,0
5/27/17,0
5/28/17,0
5/29/17,1
5/30/17,0
5/31/17,1
6/1/17,0
6/2/17,0
6/3/17,0
6/4/17,0
6/5/17,0
6/6/17,1
6/7/17,1
6/8/17,1
6/9/17,0
6/10/17,0
6/11/17,0
6/12/17,0
6/13/17,0
6/14/17,0
6/15/17,0
6/16/17,1
6/17/17,0
6/18/17,0
6/19/17,0
6/20/17,0
6/21/17,0
6/22/17,0
6/23/17,0
6/24/17,0
6/25/17,0
6/26/17,1
6/27/17,0
6/28/17,0
6/29/17,0
6/30/17,0
7/1/17,0
7/2/17,0
7/3/17,0
7/4/17,0
7/5/17,0
7/6/17,0
7/7/17,0
7/8/17,1
7/9/17,0
7/10/17,0
7/11/17,0
7/12/17,0
7/13/17,0
7/14/17,0
7/15/17,0
7/16/17,0
7/17/17,1
7/18/17,0
7/19/17,0
7/20/17,0
7/21/17,0
7/22/17,1
7/23/17,1
7/24/17,0
7/25/17,0
7/26/17,0
7/27/17,0
7/28/17,1
7/29/17,1
7/30/17,1
7/31/17,0
8/1/17,1
8/2/17,1
8/3/17,1
8/4/17,0
8/5/17,1
8/6/17,0
8/7/17,0
8/8/17,0
8/9/17,0
8/10/17,0
8/11/17,0
8/12/17,0
8/13/17,0
8/14/17,0
8/15/17,0
8/16/17,1
8/17/17,0
8/18/17,1
8/19/17,0
8/20/17,0
8/21/17,0
8/22/17,0
8/23/17,0
8/24/17,0
8/25/17,0
8/26/17,0
8/27/17,0
8/28/17,1
8/29/17,0
8/30/17,0
8/31/17,0
9/1/17,1
9/2/17,1
9/3/17,0
9/4/17,0
9/5/17,0
9/6/17,0
9/7/17,0
9/8/17,1
9/9/17,1
9/10/17,1
9/11/17,1
9/12/17,0
9/13/17,0
9/14/17,0
9/15/17,0
9/16/17,0
9/17/17,0
9/18/17,0
9/19/17,0
9/20/17,0
9/21/17,0
9/22/17,0
9/23/17,0
9/24/17,0
9/25/17,0
9/26/17,0
9/27/17,0
9/28/17,0
9/29/17,0
9/30/17,0
5/1/18,0
5/2/18,0
5/3/18,0
5/4/18,0
5/5/18,1
5/6/18,0
5/7/18,0
5/8/18,0
5/9/18,0
5/10/18,0
5/11/18,0
5/12/18,0
5/13/18,0
5/14/18,1
5/15/18,0
5/16/18,1
5/17/18,1
5/18/18,0
5/19/18,0
5/20/18,0
5/21/18,0
5/22/18,0
5/23/18,0
5/24/18,0
5/25/18,0
5/26/18,0
5/27/18,1
5/28/18,0
5/29/18,1
5/30/18,1
5/31/18,1
6/1/18,0
6/2/18,1
6/3/18,1
6/4/18,1
6/5/18,1
6/6/18,1
6/7/18,1
6/8/18,1
6/9/18,1
6/10/18,1
6/11/18,1
6/12/18,1
6/13/18,0
6/14/18,1
6/15/18,1
6/16/18,1
6/17/18,0
6/18/18,0
6/19/18,0
6/20/18,0
6/21/18,1
6/22/18,1
6/23/18,1
6/24/18,0
6/25/18,0
6/26/18,0
6/27/18,1
6/28/18,0
6/29/18,1
6/30/18,1
7/1/18,0
7/2/18,0
7/3/18,1
7/4/18,0
7/5/18,0
7/6/18,1
7/7/18,1
7/8/18,0
7/9/18,0
7/10/18,0
7/11/18,0
7/12/18,0
7/13/18,0
7/14/18,0
7/15/18,0
7/16/18,0
7/17/18,1
7/18/18,1
7/19/18,1
7/20/18,1
7/21/18,1
7/22/18,1
7/23/18,1
7/24/18,1
7/25/18,1
7/26/18,0
7/27/18,1
7/28/18,0
7/29/18,0
7/30/18,1
7/31/18,0
8/1/18,0
8/2/18,0
8/3/18,0
8/4/18,0
8/5/18,0
8/6/18,0
8/7/18,0
8/8/18,1
8/9/18,1
8/10/18,1
8/11/18,0
8/12/18,1
8/13/18,1
8/14/18,0
8/15/18,0
8/16/18,0
8/17/18,0
8/18/18,0
8/19/18,0
8/20/18,0
8/21/18,0
8/22/18,1
8/23/18,0
8/24/18,0
8/25/18,0
8/26/18,0
8/27/18,0
8/28/18,0
8/29/18,0
8/30/18,0
8/31/18,0
9/1/18,0
9/2/18,1
9/3/18,1
9/4/18,0
9/5/18,0
9/6/18,0
9/7/18,0
9/8/18,0
9/9/18,0
9/10/18,0
9/11/18,0
9/12/18,0
9/13/18,0
9/14/18,0
9/15/18,0
9/16/18,0
9/17/18,0
9/18/18,0
9/19/18,0
9/20/18,0
9/21/18,0
9/22/18,0
9/23/18,0
9/24/18,0
9/25/18,0
9/26/18,0
9/27/18,0
9/28/18,0
9/29/18,0
9/30/18,0
5/1/19,0
5/2/19,0
5/3/19,1
5/4/19,1
5/5/19,1
5/6/19,0
5/7/19,0
5/8/19,0
5/9/19,0
5/10/19,0
5/11/19,0
5/12/19,1
5/13/19,1
5/14/19,1
5/15/19,0
5/16/19,0
5/17/19,0
5/18/19,0
5/19/19,0
5/20/19,1
5/21/19,0
5/22/19,0
5/23/19,0
5/24/19,0
5/25/19,0
5/26/19,0
5/27/19,0
5/28/19,0
5/29/19,0
5/30/19,0
5/31/19,1
6/1/19,1
6/2/19,1
6/3/19,1
6/4/19,0
6/5/19,0
6/6/19,1
6/7/19,0
6/8/19,1
6/9/19,1
6/10/19,1
6/11/19,1
6/12/19,1
6/13/19,1
6/14/19,0
6/15/19,0
6/16/19,0
6/17/19,1
6/18/19,1
6/19/19,1
6/20/19,1
6/21/19,0
6/22/19,0
6/23/19,1
6/24/19,0
6/25/19,0
6/26/19,0
6/27/19,0
6/28/19,1
6/29/19,0
6/30/19,0
7/1/19,0
7/2/19,0
7/3/19,0
7/4/19,0
7/5/19,1
7/6/19,1
7/7/19,0
7/8/19,0
7/9/19,0
7/10/19,0
7/11/19,0
7/12/19,0
7/13/19,0
7/14/19,0
7/15/19,0
7/16/19,0
7/17/19,0
7/18/19,0
7/19/19,0
7/20/19,0
7/21/19,0
7/22/19,0
7/23/19,1
7/24/19,1
7/25/19,0
7/26/19,1
7/27/19,0
7/28/19,0
7/29/19,0
7/30/19,1
7/31/19,0
8/1/19,1
8/2/19,0
8/3/19,0
8/4/19,0
8/5/19,1
8/6/19,1
8/7/19,0
8/8/19,1
8/9/19,0
8/10/19,0
8/11/19,0
8/12/19,0
8/13/19,0
8/14/19,0
8/15/19,0
8/16/19,0
8/17/19,0
8/18/19,0
8/19/19,0
8/20/19,0
8/21/19,0
8/22/19,0
8/23/19,0
8/24/19,0
8/25/19,0
8/26/19,0
8/27/19,0
8/28/19,0
8/29/19,0
8/30/19,0
8/31/19,0
9/1/19,0
9/2/19,1
9/3/19,1
9/4/19,1
9/5/19,0
9/6/19,0
9/7/19,0
9/8/19,0
9/9/19,0
9/10/19,0
9/11/19,0
9/12/19,0
9/13/19,1
9/14/19,1
9/15/19,0
9/16/19,0
9/17/19,0
9/18/19,0
9/19/19,0
9/20/19,0
9/21/19,0
9/22/19,0
9/23/19,1
9/24/19,0
9/25/19,0
9/26/19,0
9/27/19,0
9/28/19,0
9/29/19,0
9/30/19,1
5/1/20,0
5/2/20,1
5/3/20,0
5/4/20,0
5/5/20,0
5/6/20,0
5/7/20,0
5/8/20,0
5/9/20,0
5/10/20,0
5/11/20,0
5/12/20,0
5/13/20,0
5/14/20,0
5/15/20,0
5/16/20,0
5/17/20,0
5/18/20,1
5/19/20,0
5/20/20,0
5/21/20,1
5/22/20,0
5/23/20,0
5/24/20,0
5/25/20,1
5/26/20,0
5/27/20,1
5/28/20,1
5/29/20,0
5/30/20,0
5/31/20,0
6/1/20,1
6/2/20,0
6/3/20,1
6/4/20,1
6/5/20,0
6/6/20,0
6/7/20,0
6/8/20,0
6/9/20,0
6/10/20,0
6/11/20,0
6/12/20,0
6/13/20,0
6/14/20,0
6/15/20,0
6/16/20,0
6/17/20,0
6/18/20,0
6/19/20,0
6/20/20,1
6/21/20,0
6/22/20,1
6/23/20,1
6/24/20,0
6/25/20,1
6/26/20,0
6/27/20,0
6/28/20,0
6/29/20,0
6/30/20,0
7/1/20,1
7/2/20,1
7/3/20,1
7/4/20,1
7/5/20,1
7/6/20,1
7/7/20,1
7/8/20,1
7/9/20,0
7/10/20,0
7/11/20,1
7/12/20,1
7/13/20,0
7/14/20,1
7/15/20,0
7/16/20,0
7/17/20,0
7/18/20,0
7/19/20,0
7/20/20,0
7/21/20,0
7/22/20,0
7/23/20,1
7/24/20,0
7/25/20,0
7/26/20,0
7/27/20,1
7/28/20,0
7/29/20,0
7/30/20,0
7/31/20,0
8/1/20,0
8/2/20,1
8/3/20,0
8/4/20,1
8/5/20,0
8/6/20,0
8/7/20,1
8/8/20,0
8/9/20,0
8/10/20,0
8/11/20,0
8/12/20,1
8/13/20,1
8/14/20,0
8/15/20,1
8/16/20,1
8/17/20,1
8/18/20,1
8/19/20,1
8/20/20,0
8/21/20,0
8/22/20,0
8/23/20,0
8/24/20,1
8/25/20,0
8/26/20,0
8/27/20,0
8/28/20,0
8/29/20,1
8/30/20,1
8/31/20,0
9/1/20,0
9/2/20,0
9/3/20,0
9/4/20,0
9/5/20,0
9/6/20,0
9/7/20,0
9/8/20,0
9/9/20,1
9/10/20,0
9/11/20,0
9/12/20,1
9/13/20,1
9/14/20,0
9/15/20,0
9/16/20,0
9/17/20,0
9/18/20,0
9/19/20,1
9/20/20,1
9/21/20,0
9/22/20,0
9/23/20,0
9/24/20,0
9/25/20,0
9/26/20,0
9/27/20,0
9/28/20,0
9/29/20,1
9/30/20,0
5/1/21,0
5/2/21,0
5/3/21,0
5/4/21,0
5/5/21,1
5/6/21,1
5/7/21,0
5/8/21,0
5/9/21,0
5/10/21,0
5/11/21,0
5/12/21,1
5/13/21,0
5/14/21,0
5/15/21,0
5/16/21,0
5/17/21,0
5/18/21,0
5/19/21,1
5/20/21,0
5/21/21,0
5/22/21,0
5/23/21,0
5/24/21,0
5/25/21,0
5/26/21,0
5/27/21,0
5/28/21,0
5/29/21,0
5/30/21,0
5/31/21,1
6/1/21,1
6/2/21,0
6/3/21,0
6/4/21,0
6/5/21,0
6/6/21,0
6/7/21,0
6/8/21,0
6/9/21,0
6/10/21,0
6/11/21,1
6/12/21,1
6/13/21,1
6/14/21,1
6/15/21,1
6/16/21,0
6/17/21,0
6/18/21,0
6/19/21,0
6/20/21,0
6/21/21,1
6/22/21,1
6/23/21,0
6/24/21,0
6/25/21,0
6/26/21,1
6/27/21,0
6/28/21,0
6/29/21,0
6/30/21,0
7/1/21,0
7/2/21,0
7/3/21,1
7/4/21,1
7/5/21,1
7/6/21,0
7/7/21,1
7/8/21,1
7/9/21,0
7/10/21,0
7/11/21,0
7/12/21,1
7/13/21,0
7/14/21,0
7/15/21,0
7/16/21,0
7/17/21,0
7/18/21,0
7/19/21,0
7/20/21,0
7/21/21,1
7/22/21,1
7/23/21,1
7/24/21,0
7/25/21,0
7/26/21,1
7/27/21,0
7/28/21,1
7/29/21,0
7/30/21,1
7/31/21,0
8/1/21,1
8/2/21,1
8/3/21,1
8/4/21,1
8/5/21,1
8/6/21,0
8/7/21,1
8/8/21,0
8/9/21,0
8/10/21,0
8/11/21,0
8/12/21,0
8/13/21,0
8/14/21,0
8/15/21,0
8/16/21,0
8/17/21,0
8/18/21,0
8/19/21,0
8/20/21,0
8/21/21,1
8/22/21,0
8/23/21,1
8/24/21,0
8/25/21,1
8/26/21,1
8/27/21,0
8/28/21,0
8/29/21,0
8/30/21,0
8/31/21,0
9/1/21,1
9/2/21,1
9/3/21,0
9/4/21,0
9/5/21,0
9/6/21,0
9/7/21,1
9/8/21,1
9/9/21,1
9/10/21,0
9/11/21,0
9/12/21,0
9/13/21,0
9/14/21,0
9/15/21,0
9/16/21,0
9/17/21,0
9/18/21,0
9/19/21,1
9/20/21,1
9/21/21,0
9/22/21,0
9/23/21,0
9/24/21,0
9/25/21,0
9/26/21,0
9/27/21,0
9/28/21,0
9/29/21,0
9/30/21,0
5/1/22,0
5/2/22,0
5/3/22,0
5/4/22,1
5/5/22,0
5/6/22,0
5/7/22,0
5/8/22,0
5/9/22,0
5/10/22,0
5/11/22,0
5/12/22,0
5/13/22,0
5/14/22,0
5/15/22,1
5/16/22,0
5/17/22,0
5/18/22,0
5/19/22,0
5/20/22,0
5/21/22,1
5/22/22,0
5/23/22,0
5/24/22,0
5/25/22,0
5/26/22,0
5/27/22,1
5/28/22,0
5/29/22,0
5/30/22,0
5/31/22,0
6/1/22,0
6/2/22,0
6/3/22,0
6/4/22,0
6/5/22,0
6/6/22,1
6/7/22,0
6/8/22,1
6/9/22,1
6/10/22,1
6/11/22,1
6/12/22,0
6/13/22,0
6/14/22,0
6/15/22,0
6/16/22,0
6/17/22,0
6/18/22,1
6/19/22,0
6/20/22,0
6/21/22,0
6/22/22,0
6/23/22,1
6/24/22,0
6/25/22,0
6/26/22,1
6/27/22,0
6/28/22,0
6/29/22,1
6/30/22,1
7/1/22,0
7/2/22,0
7/3/22,0
7/4/22,0
7/5/22,0
7/6/22,0
7/7/22,0
7/8/22,0
7/9/22,0
7/10/22,1
7/11/22,1
7/12/22,0
7/13/22,0
7/14/22,0
7/15/22,0
7/16/22,0
7/17/22,1
7/18/22,1
7/19/22,1
7/20/22,1
7/21/22,0
7/22/22,0
7/23/22,0
7/24/22,0
7/25/22,0
7/26/22,1
7/27/22,0
7/28/22,0
7/29/22,0
7/30/22,0
7/31/22,0
8/1/22,0
8/2/22,0
8/3/22,0
8/4/22,0
8/5/22,0
8/6/22,0
8/7/22,0
8/8/22,0
8/9/22,1
8/10/22,0
8/11/22,0
8/12/22,0
8/13/22,1
8/14/22,0
8/15/22,0
8/16/22,0
8/17/22,1
8/18/22,1
8/19/22,0
8/20/22,0
8/21/22,0
8/22/22,0
8/23/22,0
8/24/22,0
8/25/22,0
8/26/22,1
8/27/22,0
8/28/22,0
8/29/22,0
8/30/22,0
8/31/22,0
9/1/22,0
9/2/22,1
9/3/22,0
9/4/22,0
9/5/22,0
9/6/22,0
9/7/22,0
9/8/22,1
9/9/22,1
9/10/22,1
9/11/22,1
9/12/22,1
9/13/22,0
9/14/22,1
9/15/22,0
9/16/22,0
9/17/22,1
9/18/22,0
9/19/22,1
9/20/22,0
9/21/22,1
9/22/22,0
9/23/22,0
9/24/22,0
9/25/22,0
9/26/22,0
9/27/22,0
9/28/22,1
9/29/22,1
9/30/22,0
5/1/23,0
5/2/23,0
5/3/23,0
5/4/23,0
5/5/23,0
5/6/23,0
5/7/23,0
5/8/23,0
5/9/23,0
5/10/23,0
5/11/23,0
5/12/23,0
5/13/23,0
5/14/23,0
5/15/23,0
5/16/23,0
5/17/23,1
5/18/23,0
5/19/23,0
5/20/23,0
5/21/23,0
5/22/23,0
5/23/23,0
5/24/23,0
5/25/23,0
5/26/23,0
5/27/23,0
5/28/23,0
5/29/23,0
5/30/23,0
5/31/23,0
6/1/23,1
6/2/23,0
6/3/23,0
6/4/23,0
6/5/23,0
6/6/23,0
6/7/23,1
6/8/23,1
6/9/23,1
6/10/23,0
6/11/23,0
6/12/23,0
6/13/23,0
6/14/23,0
6/15/23,1
6/16/23,1
6/17/23,1
6/18/23,1
6/19/23,1
6/20/23,1
6/21/23,1
6/22/23,1
6/23/23,1
6/24/23,1
6/25/23,0
6/26/23,0
6/27/23,0
6/28/23,1
6/29/23,0
6/30/23,0
7/1/23,0
7/2/23,1
7/3/23,0
7/4/23,0
7/5/23,0
7/6/23,1
7/7/23,1
7/8/23,1
7/9/23,1
7/10/23,1
7/11/23,0
7/12/23,1
7/13/23,0
7/14/23,1
7/15/23,0
7/16/23,1
7/17/23,1
7/18/23,0
7/19/23,0
7/20/23,0
7/21/23,0
7/22/23,1
7/23/23,1
7/24/23,1
7/25/23,1
7/26/23,1
7/27/23,0
7/28/23,0
7/29/23,0
7/30/23,0
7/31/23,1
8/1/23,0
8/2/23,0
8/3/23,0
8/4/23,0
8/5/23,1
8/6/23,1
8/7/23,0
8/8/23,1
8/9/23,0
8/10/23,0
8/11/23,0
8/12/23,0
8/13/23,0
8/14/23,1
8/15/23,0
8/16/23,1
8/17/23,1
8/18/23,1
8/19/23,0
8/20/23,1
8/21/23,0
8/22/23,0
8/23/23,0
8/24/23,0
8/25/23,0
8/26/23,0
8/27/23,0
8/28/23,0
8/29/23,1
8/30/23,1
8/31/23,0
9/1/23,0
9/2/23,0
9/3/23,0
9/4/23,0
9/5/23,0
9/6/23,0
9/7/23,0
9/8/23,1
9/9/23,0
9/10/23,0
9/11/23,0
9/12/23,0
9/13/23,0
9/14/23,0
9/15/23,0
9/16/23,1
9/17/23,1
9/18/23,0
9/19/23,0
9/20/23,1
9/21/23,1
9/22/23,1
9/23/23,0
9/24/23,0
9/25/23,0
9/26/23,1
9/27/23,1
9/28/23,1
9/29/23,1
9/30/23,0